Lasso,ElasticNet,Decision Tree,RandomForest,GradientBoostingRegressor,XGBoost
{'alpha': 0.001},"{'l1_ratio': 1.0, 'alpha': 0.001}","{'min_samples_split': 80, 'min_samples_leaf': 10, 'max_depth': 15}","{'random_state': 42, 'n_estimators': 100, 'min_samples_split': 20, 'min_samples_leaf': 1, 'max_depth': 15}","{'random_state': 42, 'n_estimators': 200, 'min_samples_split': 50, 'min_samples_leaf': 1, 'max_depth': 15, 'learning_rate': 0.1}","{'n_estimators': 200, 'min_child_weight': 1, 'max_depth': 15, 'learning_rate': 0.1, 'gamma': 0.2}"
0.24288349438067955,0.24288349438067955,0.32750552334872773,0.40557562257450186,0.4828534229960043,0.4808705566631784
0.27209900294567757,0.27209900294567757,0.3711420739011554,0.4673581203938,0.5381553122493853,0.4971039886205616
220.41290516197176,220.41290516197176,163.16156941205534,123.3822817753903,37.557128263331194,9.304876845227199
196.7991719546815,196.7991719546815,170.02136229270056,144.0078819497241,124.86677788436434,135.96563134175727
7.364787578582764,10.095415353775024,17.699938535690308,1230.9890863895416,3238.575259208679,956.1142768859863
